{
  "init": {
    "L2": {
      "mean": 36688.4,
      "std": 20039.377805710435
    },
    "PVBand": {
      "mean": 42659.3,
      "std": 18990.61124371725
    },
    "EPE": {
      "mean": 7.3,
      "std": 11.883181392203017
    },
    "Shots": {
      "mean": 472.2,
      "std": 118.18697051705826
    }
  },
  "finetuned": {
    "L2": {
      "mean": 27492.4,
      "std": 16487.34210356539
    },
    "PVBand": {
      "mean": 42864.5,
      "std": 18010.126308552084
    },
    "EPE": {
      "mean": 2.0,
      "std": 5.079370039680118
    },
    "Shots": {
      "mean": 513.2,
      "std": 76.46018571779695
    }
  },
  "delta_pct": {
    "L2": -25.065143206026974,
    "PVBand": 0.481020551204537,
    "EPE": -72.6027397260274,
    "Shots": 8.682761541719621
  }
}